{"cameraMode":{"drawMode":0,"name":"Shaded","section":"Shading Mode"},"sceneLighting":true,"audioPlay":false,"sceneViewState":{"showFog":true,"showMaterialUpdate":false,"showSkybox":true,"showFlares":true,"showImageEffects":true,"showParticleSystems":true},"in2DMode":false,"pivot":{"x":-2.3384714126586916,"y":-53.914100646972659,"z":77.21830749511719},"rotation":{"x":0.31977328658103945,"y":-0.009649845771491528,"z":0.0032600373961031439,"w":0.947462797164917},"size":157.2466583251953,"orthographic":false}